{
	"format_version": "1.8.0",
	"animations": {
		"animation.rasengan2": {
			"loop": true,
			"animation_length": 0.95833,
			"bones": {
				"rightArm": {
					"rotation": {
						"0.0": [-52.18329, -42.30695, -15.24525],
						"0.25": [-47.18329, -42.30695, -15.24525],
						"0.5": [-59.68329, -42.30695, -15.24525],
						"0.7083": [-37.18329, -42.30695, -15.24525],
						"0.9583": [-54.68329, -42.30695, -15.24525]
					},
					"position": {
						"0.0": [0, 0, 0],
						"0.25": [1, 0, -1],
						"0.5": [1, 0, 0]
					}
				},
				"leftArm": {
					"rotation": {
						"0.0": [-29.57723, 6.06809, 7.96341],
						"0.25": [-44.57723, 6.06809, 7.96341],
						"0.5": [-34.57723, 6.06809, 7.96341],
						"0.7083": [-52.07723, 6.06809, 7.96341],
						"0.9583": [-44.57723, 6.06809, 7.96341]
					},
					"position": {
						"0.0": [0, 1, 1],
						"0.5": [0, 1, 0.41],
						"0.7083": [0, 1, 3],
						"0.9583": [0, 1, 2]
					}
				}
			}
		}
	}
}