{
	"format_version": "1.8.0",
	"animations": {
		"animation.chibaku": {
			"animation_length": 28,
			"bones": {
				"a": {
					"rotation": {
						"0.0": [0, 0, 0],
						"11.3333": [-58.51532, -31.71205, -14.39238],
						"13.0": [-71.15641, -21.40584, -7.09999]
					},
					"position": {
						"0.0": [123, 0, -230],
						"11.3333": [123, 0, -36.13],
						"13.0": [123, 0, -112]
					}
				},
				"tudo": {
					"rotation": {
						"0.0": [0, 0, 0],
						"15.0": [0, 360, 0]
					},
					"position": {
						"0.0": [0, 0, 0],
						"15.0": [0, 791, 0]
					},
					"scale": {
						"0.0": [1, 1, 1],
						"14.0": [1, 1, 1],
						"15.0": [0, 0, 0]
					}
				},
				"c7": {
					"position": [0, 475, 0]
				},
				"c2": {
					"position": {
						"13.5": [-1, 0, 0],
						"15.0": [-1, 87, 0]
					}
				},
				"c3": {
					"position": {
						"13.1667": [0, 99, 0],
						"15.375": [0, 126, 0]
					}
				},
				"c4": {
					"position": {
						"13.1667": [0, 59, 0],
						"16.0833": [0, 222, 0]
					}
				},
				"c5": {
					"position": [0, 264, 0]
				},
				"c6": {
					"position": [0, 437, 0]
				},
				"c8": {
					"position": [0, 588, 0]
				},
				"a21": {
					"rotation": {
						"0.0": [0, 0, 0],
						"15.0": [0, 0, -37.5]
					},
					"position": {
						"0.0": [0, 0, 0],
						"15.0": [-158, 0, 0]
					}
				},
				"a23": {
					"rotation": {
						"0.0": [0, 0, 0],
						"15.0": [0, 0, 60]
					},
					"position": {
						"0.0": [0, 0, 0],
						"15.0": [153, 0, 0]
					}
				},
				"a25": {
					"rotation": {
						"0.0": [0, 0, 0],
						"15.0": [-67.5, 0, 0]
					},
					"position": [-76, 0, 142]
				},
				"a27": {
					"rotation": {
						"0.0": [0, 0, 0],
						"15.0": [-65, 0, 0]
					},
					"position": {
						"0.0": [0, 0, 0],
						"15.0": [124, 0, 197]
					}
				},
				"a29": {
					"rotation": {
						"0.0": [0, 0, 0],
						"15.0": [72.5, 0, 0]
					},
					"position": {
						"0.0": [0, 0, 0],
						"15.0": [135, 0, -126]
					}
				},
				"a31": {
					"rotation": {
						"0.0": [0, 0, 0],
						"15.0": [62.5, 0, 0]
					},
					"position": {
						"0.0": [0, 0, 0],
						"15.0": [-70, 0, -193]
					}
				},
				"cubook": {
					"rotation": [0, 0, 0],
					"position": {
						"0.0": [2, 689, -1],
						"26.0833": [2, 689, -1],
						"26.7917": [2, 689, -1],
						"28.0": [2, -7374, -1]
					},
					"scale": {
						"0.0": [0, -3.2, 0],
						"10.5": [0, 0, 0],
						"12.7917": [0, 0, 0],
						"15.0": [1, 1, 1]
					}
				},
				"cuboo9": {
					"rotation": [0, 0, 0],
					"position": {
						"25.0": [0, 0, 0],
						"26.0": [-28, -815, 0]
					}
				},
				"cubo25": {
					"rotation": {
						"26.0": [0, 0, 0],
						"27.0": [0, -30, 0]
					},
					"position": {
						"26.0": [0, 1, 0],
						"27.0": [0, -73, 0]
					}
				},
				"cubo26": {
					"position": {
						"26.0": [0, 0, 0],
						"26.75": [0, -63, 0]
					}
				},
				"cubo27": {
					"rotation": {
						"26.0": [0, 0, 0],
						"27.0": [0, 55, 0]
					},
					"position": {
						"26.0": [0, 0, 0],
						"27.0": [0, -111, 0]
					}
				},
				"cuboo8": {
					"rotation": {
						"25.0": [0, 0, 0],
						"26.0": [-35, 0, 0]
					},
					"position": {
						"25.0": [0, 0, 0],
						"26.0": [325, -759, 0]
					}
				},
				"cubo22": {
					"position": {
						"26.0": [0, 0, 0],
						"27.0": [0, -223, 0]
					}
				},
				"cubo23": {
					"position": {
						"26.0": [0, 0, 0],
						"27.0": [0, -156, 0]
					}
				},
				"cubo24": {
					"position": {
						"26.0": [0, 0, 0],
						"27.0": [0, -118, 0]
					}
				},
				"cuboo7": {
					"rotation": {
						"25.0": [0, 0, 0],
						"26.0": [0, 0, 0],
						"27.2083": [35, 0, 2.5]
					},
					"position": {
						"25.0": [0, 0, 0],
						"26.0": [-71, -805, -285],
						"27.2083": [-71, -930, -285]
					}
				},
				"cuboo6": {
					"rotation": {
						"25.0": [0, 0, 0],
						"26.0": [-5.35254, -11.31255, -64.46949]
					},
					"position": {
						"25.0": [0, 0, 0],
						"26.0": [-108, -632, 98]
					}
				},
				"cubo16": {
					"position": {
						"26.0": [0, 0, 0],
						"27.0833": [-177, 0, 0]
					}
				},
				"cubo17": {
					"position": {
						"26.0": [1, 0, 0],
						"27.0833": [-155, 0, 0]
					}
				},
				"cubo18": {
					"position": {
						"26.0": [0, 0, 0],
						"27.0833": [-143, 0, 0]
					}
				},
				"cuboo5": {
					"rotation": {
						"25.0": [0, 0, 0],
						"26.0": [-40, 0, 0]
					},
					"position": {
						"25.0": [0, 0, 0],
						"26.0": [91, -745, 223]
					}
				},
				"cubo13": {
					"position": {
						"26.0": [0, 1, 0],
						"27.0833": [0, -180, 0]
					}
				},
				"cubo14": {
					"position": {
						"26.0": [0, 1, 0],
						"27.2083": [0, -160, 0]
					}
				},
				"cubo15": {
					"position": {
						"26.0": [0, 0, 0],
						"27.2083": [0, -142, 0]
					}
				},
				"cuboo4": {
					"rotation": {
						"25.0": [0, 0, 0],
						"26.0": [-17.5, 0, 0]
					},
					"position": {
						"25.0": [0, 0, 0],
						"26.0": [-6, -695, 120]
					}
				},
				"cubo10": {
					"rotation": [0, 0, 0],
					"position": {
						"26.0": [0, 0, 0],
						"26.8333": [0, -193, 0]
					}
				},
				"cubo11": {
					"position": {
						"26.0": [0, 0, 0],
						"27.75": [0, -181, 0]
					}
				},
				"cubo12": {
					"position": {
						"26.0": [0, 0, 0],
						"27.4583": [0, -111, 0]
					}
				},
				"cuboo3": {
					"rotation": {
						"25.0": [0, 0, 0],
						"26.0": [30, 0, 0]
					},
					"position": {
						"25.0": [0, 3, 0],
						"26.0": [0, -681, 0]
					}
				},
				"cubo7": {
					"rotation": {
						"26.0": [0, 0, 0],
						"27.0417": [50, 0, 0]
					},
					"position": [0, 0, 0]
				},
				"cubo8": {
					"rotation": {
						"26.0": [0, 0, 0],
						"27.125": [45, 0, 0]
					},
					"position": [0, 0, 0]
				},
				"cubo9": {
					"rotation": {
						"26.0": [0, 0, 0],
						"26.75": [27.5, 0, 0]
					}
				},
				"cuboo2": {
					"rotation": {
						"25.0": [0, 0, 0],
						"26.0": [0, 0, -25]
					},
					"position": {
						"25.0": [0, 0, 0],
						"26.0": [0, -679, 0]
					}
				},
				"cubo4": {
					"rotation": {
						"25.0": [0, 0, 0],
						"27.0": [117.5, 0, 0]
					},
					"position": {
						"25.0": [0, 1, 0],
						"26.0": [0, 0, 0],
						"27.0": [0, -26, 37]
					}
				},
				"cubo5": {
					"rotation": {
						"26.0": [0, 0, 0],
						"27.0": [-65, 0, 0]
					},
					"position": {
						"26.0": [0, 0, 0],
						"27.0": [0, -56, 0]
					}
				},
				"cubo6": {
					"rotation": {
						"26.0": [0, 0, 0],
						"27.0": [-85, 0, 0]
					},
					"position": {
						"26.0": [0, 0, 0],
						"27.0": [0, -70, 0]
					}
				},
				"cuboo": {
					"rotation": {
						"25.0": [0, 0, 0],
						"26.0": [-90, 0, 0]
					},
					"position": {
						"25.0": [0, 0, 0],
						"26.0": [0, -531, -117]
					}
				},
				"cubo3": {
					"rotation": {
						"26.0": [0, 0, 0],
						"27.0": [35, 0, 0]
					},
					"position": {
						"26.0": [0, 0, 0],
						"27.0": [0, -129, 103]
					}
				},
				"cubo2": {
					"rotation": {
						"26.0": [0, 0, 0],
						"27.0": [40, 0, 0]
					},
					"position": {
						"26.0": [0, 0, 0],
						"27.0": [0, -91, 77]
					}
				},
				"cubo": {
					"rotation": {
						"26.0": [0, 0, 0],
						"27.0": [47.5, 0, 0]
					},
					"position": {
						"26.0": [0, 0, 0],
						"27.0": [0, -42, 40]
					}
				},
				"a3": {
					"rotation": {
						"0.0": [0, 0, 0],
						"13.8333": [-25.86224, -22.7801, -39.13479]
					}
				},
				"a5": {
					"rotation": {
						"0.0": [0, 0, 0],
						"13.8333": [-50.28664, 19.79565, 63.98651]
					}
				},
				"a9": {
					"rotation": {
						"0.0": [0, 0, 0],
						"13.8333": [76.42654, 28.96693, -8.8115]
					}
				}
			}
		}
	}
}