{
	"format_version": "1.8.0",
	"animations": {
		"animation.clone_areia": {
			"animation_length": 100.75,
			"bones": {
				"corpo": {
					"rotation": {
						"2.0": [0, 0, 0],
						"2.4583": [90, 12.5, 0]
					},
					"position": {
						"2.0": [0, 0, 0],
						"2.75": [0, 0, 0],
						"3.4583": [0, -3, 0]
					}
				},
				"pernae": {
					"rotation": {
						"2.0": [0, 0, 0],
						"2.5": [95.04292, -7.4713, -0.6574]
					},
					"position": {
						"2.75": [0, 0, 0],
						"3.4583": [0, -8, 0]
					}
				},
				"pernaD": {
					"rotation": {
						"2.0": [0, 0, 0],
						"2.75": [87.43938, 12.48791, -0.55404]
					},
					"position": {
						"2.75": [0, 0, 0],
						"3.4583": [0, -9, 0]
					}
				},
				"bracoD": {
					"rotation": {
						"2.0": [0, 0, 0],
						"2.4583": [32.5, 0, 0]
					},
					"position": {
						"2.0": [0, 0, 0],
						"2.4583": [-2, -19, 0],
						"2.75": [-2, -19, 0],
						"3.4583": [-2, -29, 0]
					}
				},
				"bracoE": {
					"rotation": {
						"2.0": [0, 0, 0],
						"2.4583": [0, 0, -25]
					},
					"position": {
						"2.0": [0, 0, 0],
						"2.4583": [11, -21, 0],
						"2.75": [11, -21, 0],
						"3.4583": [11, -27, 0]
					}
				},
				"cabeca": {
					"rotation": {
						"2.0": [0, 0, 0],
						"2.5": [40, 0, 0]
					},
					"position": {
						"2.0": [0, 0, 0],
						"2.5": [0, -24, 16],
						"2.75": [0, -24, 16],
						"3.4583": [0, -29, 16]
					}
				}
			}
		}
	}
}