{
	"format_version": "1.8.0",
	"animations": {
		"animation.death.naruto_kid": {
			"animation_length": 1000,
			"bones": {
				"head": {
					"rotation": {
						"0.0": [0, 0, 0],
						"2.0": [-54.3516, 10.21235, 7.24677],
						"5.5": [-54.3516, 10.21235, 7.24677],
						"5.8333": [7.96165, -1.16253, 84.63107]
					},
					"position": {
						"0.0": [0, -1, 0],
						"2.0": [0, -2, 0],
						"5.8333": [0, -1, 0]
					}
				},
				"rightArm": {
					"rotation": {
						"0.0": [0, 0, 0],
						"2.0": [67.5, 0, 0],
						"5.5": [67.5, 0, 0],
						"5.8333": [81.9366, 21.07593, 68.49762]
					}
				},
				"leftArm": {
					"rotation": {
						"0.0": [0, 0, 0],
						"2.0": [67.5, 0, 0],
						"5.5": [67.5, 0, 0],
						"5.8333": [80.07074, -20.29348, -63.21865]
					},
					"position": {
						"0.0": [0, 0, 0],
						"2.0": [0, -1, 1]
					}
				},
				"leftLeg": {
					"rotation": {
						"0.0": [0, 0, 0],
						"2.0": [70, 0, 0],
						"5.5": [70, 0, 0],
						"5.8333": [15, 0, 0]
					},
					"position": {
						"0.0": [0, 0, 0],
						"2.0": [0, 1, 0]
					}
				},
				"rightLeg": {
					"rotation": {
						"0.0": [0, 0, 0],
						"2.0": [70, 0, 0],
						"5.5": [70, 0, 0],
						"5.8333": [7.5, 0, 0]
					}
				},
				"all": {
					"position": {
						"0.0": [0, 0, 0],
						"2.0": [0, 29, 0],
						"5.5": [0, 29, 0],
						"5.8333": [0, 1, 0]
					}
				}
			}
		}
	}
}