{
	"format_version": "1.12.0",
	"minecraft:geometry": [
		{
			"description": {
				"identifier": "geometry.rinneazul",
				"texture_width": 64,
				"texture_height": 64,
				"visible_bounds_width": 58,
				"visible_bounds_height": 21,
				"visible_bounds_offset": [0, 0.5, 0]
			},
			"bones": [
				{
					"name": "body",
					"pivot": [0, 24, 0],
					"cubes": [
						{
							"origin": [-4.1, 12, -2.1],
							"size": [8.2, 12.1, 4.2],
							"uv": {
								"north": {"uv": [22.25835, 15.65312], "uv_size": [15.11756, 23.37155]},
								"east": {"uv": [31.50073, 20.11176], "uv_size": [2.76343, 2.0537]},
								"south": {"uv": [53.8984, 47.26996], "uv_size": [10.05515, 16.73004]},
								"west": {"uv": [31.50073, 20.11176], "uv_size": [2.76343, 2.0537]},
								"up": {"uv": [34.26415, 22.16546], "uv_size": [-2.76343, -2.0537]},
								"down": {"uv": [34.26415, 22.16546], "uv_size": [-2.76343, -2.0537]}
							}
						}
					]
				},
				{
					"name": "head",
					"pivot": [0, 24, 0],
					"cubes": [
						{
							"origin": [-4.1, 23.5, -4.1],
							"size": [8.2, 8.6, 8.2],
							"uv": {
								"north": {"uv": [22.35124, 0], "uv_size": [15.56067, 15.72511]},
								"east": {"uv": [37.6778, 0], "uv_size": [15.00334, 15.49289]},
								"south": {"uv": [37.77069, 0], "uv_size": [14.91045, 15.58578]},
								"west": {"uv": [37.77069, 0], "uv_size": [14.91045, 15.53933]},
								"up": {"uv": [47.71161, 11.96313], "uv_size": [-6.59695, -4.3463]},
								"down": {"uv": [52.68114, 15.67866], "uv_size": [-15.09623, -15.67866]}
							}
						}
					]
				},
				{
					"name": "rightLeg",
					"pivot": [-1.9, 12, 0],
					"cubes": [
						{
							"origin": [-4.11, -0.09, -2.11],
							"size": [4.3, 12.2, 4.2],
							"uv": {
								"north": {"uv": [29.85196, 39.79245], "uv_size": [-7.53556, 21.4209]},
								"east": {"uv": [29.85196, 39.79245], "uv_size": [-7.53556, 21.4209]},
								"south": {"uv": [29.85196, 39.79245], "uv_size": [-7.53556, 21.4209]},
								"west": {"uv": [29.85196, 39.79245], "uv_size": [-7.53556, 21.4209]},
								"up": {"uv": [34.2061, 43.10015], "uv_size": [0.1045, -2.4717]},
								"down": {"uv": [33.09144, 60.98113], "uv_size": [1.31205, -0.10305]}
							}
						}
					]
				},
				{
					"name": "leftArm",
					"pivot": [5, 22, 0],
					"cubes": [
						{
							"origin": [3.9, 11.9, -2.1],
							"size": [4.2, 12.2, 4.2],
							"uv": {
								"north": {"uv": [37.4439, 15.72112], "uv_size": [7.72134, 24]},
								"east": {"uv": [37.4439, 15.72112], "uv_size": [7.72134, 24]},
								"south": {"uv": [37.53679, 15.67467], "uv_size": [7.53556, 24]},
								"west": {"uv": [44.92141, 15.72112], "uv_size": [-7.55878, 23.86067]},
								"up": {"uv": [41.07816, 18.31038], "uv_size": [-0.47605, 0.15094]},
								"down": {"uv": [42.56437, 19.65726], "uv_size": [-1.86938, -1.84615]}
							}
						}
					]
				},
				{
					"name": "leftItem",
					"parent": "leftArm",
					"pivot": [6, 15, 1]
				},
				{
					"name": "bone",
					"parent": "leftArm",
					"pivot": [0, 0, 0]
				},
				{
					"name": "leftLeg",
					"pivot": [1.9, 12, 0],
					"cubes": [
						{
							"origin": [-0.19, -0.09, -2.11],
							"size": [4.3, 12.2, 4.2],
							"uv": {
								"north": {"uv": [22.36284, 40.07112], "uv_size": [7.39623, 21.14224]},
								"east": {"uv": [22.36284, 40.07112], "uv_size": [7.39623, 21.14224]},
								"south": {"uv": [22.36284, 40.07112], "uv_size": [7.39623, 21.14224]},
								"west": {"uv": [22.36284, 40.07112], "uv_size": [7.39623, 21.14224]},
								"up": {"uv": [36.40058, 40.08128], "uv_size": [-2.05515, 1.56894]},
								"down": {"uv": [32.68505, 61.16691], "uv_size": [0.96372, -0.28882]}
							}
						}
					]
				},
				{
					"name": "rightArm",
					"pivot": [-5, 22, 0],
					"cubes": [
						{
							"origin": [-8.1, 11.9, -2.1],
							"size": [4.2, 12.2, 4.2],
							"uv": {
								"north": {"uv": [44.9164, 15.8389], "uv_size": [-7.43599, 23.65044]},
								"east": {"uv": [37.57823, 16.07112], "uv_size": [7.47257, 23.41821]},
								"south": {"uv": [44.9164, 15.88534], "uv_size": [-7.43599, 23.65044]},
								"west": {"uv": [45.00929, 15.8389], "uv_size": [-7.43599, 23.65044]},
								"up": {"uv": [33.02177, 20.67946], "uv_size": [2.18781, 0.26829]},
								"down": {"uv": [33.95065, 19.88991], "uv_size": [0.42293, 1.19717]}
							}
						}
					]
				},
				{
					"name": "rightItem",
					"parent": "rightArm",
					"pivot": [-6, 15, 1]
				},
				{
					"name": "bone3",
					"parent": "rightArm",
					"pivot": [0, 0, 0]
				}
			]
		}
	]
}