{
	"format_version": "1.12.0",
	"minecraft:geometry": [
		{
			"description": {
				"identifier": "geometry.urashiki2",
				"texture_width": 64,
				"texture_height": 64,
				"visible_bounds_width": 58,
				"visible_bounds_height": 21,
				"visible_bounds_offset": [0, 0.5, 0]
			},
			"bones": [
				{
					"name": "body",
					"pivot": [0, 24, 0],
					"cubes": [
						{
							"origin": [-4.1, 12, -2.1],
							"size": [8.2, 12.1, 4.2],
							"uv": {
								"north": {"uv": [22.25835, 15.65312], "uv_size": [15.11756, 23.37155]},
								"east": {"uv": [31.50073, 20.11176], "uv_size": [2.76343, 2.0537]},
								"south": {"uv": [53.8984, 47.26996], "uv_size": [10.05515, 16.73004]},
								"west": {"uv": [31.50073, 20.11176], "uv_size": [2.76343, 2.0537]},
								"up": {"uv": [34.26415, 22.16546], "uv_size": [-2.76343, -2.0537]},
								"down": {"uv": [34.26415, 22.16546], "uv_size": [-2.76343, -2.0537]}
							}
						}
					]
				},
				{
					"name": "head",
					"pivot": [0, 24, 0],
					"cubes": [
						{
							"origin": [-4.1, 23.5, -4.1],
							"size": [8.2, 8.6, 8.2],
							"uv": {
								"north": {"uv": [22.2119, 0], "uv_size": [15.04978, 15.35356]},
								"east": {"uv": [32.5225, 1.66821], "uv_size": [2.27765, 1.97765]},
								"south": {"uv": [32.5225, 1.66821], "uv_size": [2.27765, 1.97765]},
								"west": {"uv": [32.5225, 1.66821], "uv_size": [2.27765, 1.97765]},
								"up": {"uv": [34.80015, 3.64586], "uv_size": [-2.27765, -1.97765]},
								"down": {"uv": [34.80015, 3.64586], "uv_size": [-2.27765, -1.97765]}
							}
						},
						{
							"origin": [2, 29, -4],
							"size": [11, 8, 0],
							"pivot": [4, 30, 0],
							"rotation": [0.86805, 2.57529, 5.0763],
							"uv": {
								"north": {"uv": [37.8984, 2.46154], "uv_size": [14.90131, 9.7373]},
								"east": {"uv": [0, 0], "uv_size": [0, 5]},
								"south": {"uv": [0, 0], "uv_size": [11, 5]},
								"west": {"uv": [0, 0], "uv_size": [0, 5]},
								"up": {"uv": [11, 0], "uv_size": [-11, 0]},
								"down": {"uv": [11, 0], "uv_size": [-11, 0]}
							}
						},
						{
							"origin": [-13, 29, -4],
							"size": [11, 8, 0],
							"pivot": [-4, 30, 0],
							"rotation": [0.86805, -2.57529, -5.0763],
							"uv": {
								"north": {"uv": [52.79971, 2.46154], "uv_size": [-14.90131, 9.7373]},
								"east": {"uv": [0, 0], "uv_size": [0, 5]},
								"south": {"uv": [11, 0], "uv_size": [-11, 5]},
								"west": {"uv": [0, 0], "uv_size": [0, 5]},
								"up": {"uv": [0, 0], "uv_size": [11, 0]},
								"down": {"uv": [0, 0], "uv_size": [11, 0]}
							}
						}
					]
				},
				{
					"name": "rightLeg",
					"pivot": [-1.9, 12, 0],
					"cubes": [
						{
							"origin": [-4.11, -0.09, -2.11],
							"size": [4.3, 12.2, 4.2],
							"uv": {
								"north": {"uv": [29.85196, 39.79245], "uv_size": [-7.53556, 21.4209]},
								"east": {"uv": [29.85196, 39.79245], "uv_size": [-7.53556, 21.4209]},
								"south": {"uv": [29.85196, 39.79245], "uv_size": [-7.53556, 21.4209]},
								"west": {"uv": [29.85196, 39.79245], "uv_size": [-7.53556, 21.4209]},
								"up": {"uv": [34.2061, 43.10015], "uv_size": [0.1045, -2.4717]},
								"down": {"uv": [33.09144, 60.98113], "uv_size": [1.35849, -0.70682]}
							}
						}
					]
				},
				{
					"name": "leftArm",
					"pivot": [5, 22, 0],
					"cubes": [
						{
							"origin": [3.9, 11.9, -2.1],
							"size": [4.2, 12.2, 4.2],
							"uv": {
								"north": {"uv": [37.4439, 15.72112], "uv_size": [7.72134, 24]},
								"east": {"uv": [37.4439, 15.72112], "uv_size": [7.72134, 24]},
								"south": {"uv": [14.77917, 15.44245], "uv_size": [7.72134, 24]},
								"west": {"uv": [37.25813, 15.72112], "uv_size": [7.72134, 24]},
								"up": {"uv": [41.07816, 18.31038], "uv_size": [-0.47605, 0.15094]},
								"down": {"uv": [42.56437, 19.65726], "uv_size": [-1.86938, -1.84615]}
							}
						}
					]
				},
				{
					"name": "leftItem",
					"parent": "leftArm",
					"pivot": [6, 15, 1]
				},
				{
					"name": "bone",
					"parent": "leftArm",
					"pivot": [0, 0, 0]
				},
				{
					"name": "leftLeg",
					"pivot": [1.9, 12, 0],
					"cubes": [
						{
							"origin": [-0.19, -0.09, -2.11],
							"size": [4.3, 12.2, 4.2],
							"uv": {
								"north": {"uv": [22.36284, 40.07112], "uv_size": [7.39623, 21.14224]},
								"east": {"uv": [22.36284, 40.07112], "uv_size": [7.39623, 21.14224]},
								"south": {"uv": [22.36284, 40.07112], "uv_size": [7.39623, 21.14224]},
								"west": {"uv": [22.36284, 40.07112], "uv_size": [7.39623, 21.14224]},
								"up": {"uv": [36.40058, 40.08128], "uv_size": [-2.05515, 1.56894]},
								"down": {"uv": [32.82438, 60.79536], "uv_size": [1.33527, -0.70682]}
							}
						}
					]
				},
				{
					"name": "rightArm",
					"pivot": [-5, 22, 0],
					"cubes": [
						{
							"origin": [-8.1, 11.9, -2.1],
							"size": [4.2, 12.2, 4.2],
							"uv": {
								"north": {"uv": [44.9164, 15.8389], "uv_size": [-7.43599, 23.65044]},
								"east": {"uv": [45.00929, 15.8389], "uv_size": [-7.43599, 23.65044]},
								"south": {"uv": [22.11234, 15.97823], "uv_size": [-7.43599, 23.65044]},
								"west": {"uv": [45.00929, 15.8389], "uv_size": [-7.43599, 23.65044]},
								"up": {"uv": [33.02177, 20.67946], "uv_size": [2.18781, 0.26829]},
								"down": {"uv": [33.95065, 19.88991], "uv_size": [0.42293, 1.19717]}
							}
						}
					]
				},
				{
					"name": "rightItem",
					"parent": "rightArm",
					"pivot": [-6, 15, 1]
				},
				{
					"name": "bone3",
					"parent": "rightArm",
					"pivot": [0, 0, 0]
				}
			]
		}
	]
}