{
	"format_version": "1.12.0",
	"minecraft:geometry": [
		{
			"description": {
				"identifier": "geometry.roupa_rock_lee",
				"texture_width": 1000,
				"texture_height": 1000,
				"visible_bounds_width": 3,
				"visible_bounds_height": 3.5,
				"visible_bounds_offset": [0, 1.25, 0]
			},
			"bones": [
				{
					"name": "Body",
					"pivot": [0, 24.24, 0],
					"cubes": [
						{
							"origin": [-4.04, 12.12, -2.02],
							"size": [8.08, 12.12, 4.04],
							"inflate": 0.1,
							"uv": {
								"north": {"uv": [646.125, 291.125], "uv_size": [230.25, 347.875]},
								"east": {"uv": [530.5, 291.125], "uv_size": [113.625, 347.875]},
								"south": {"uv": [6, 649.125], "uv_size": [229.25, 346.875]},
								"west": {"uv": [633.375, 291.125], "uv_size": [-102.375, 352.875]},
								"up": {"uv": [646.125, 161.5], "uv_size": [230.25, 127.625]},
								"down": {"uv": [653.375, 276.125], "uv_size": [13.25, -21.625]}
							}
						}
					]
				},
				{
					"name": "RightArm",
					"pivot": [-5.05, 22.22, 0],
					"cubes": [
						{
							"origin": [-8.08, 12.12, -2.02],
							"size": [4.04, 12.12, 4.04],
							"inflate": 0.09,
							"uv": {
								"north": {"uv": [298.11458, 291.63542], "uv_size": [114.28125, 347.54167]},
								"east": {"uv": [182.75, 291.09375], "uv_size": [113.6875, 347.59375]},
								"south": {"uv": [66.125, 291.125], "uv_size": [113.625, 347.875]},
								"west": {"uv": [414.5, 291.125], "uv_size": [113.625, 347.875]},
								"up": {"uv": [57.875, 274.5], "uv_size": [124.625, -124.375]},
								"down": {"uv": [187.5, 78.125], "uv_size": [15.625, -15.625]}
							}
						}
					]
				},
				{
					"name": "LeftArm",
					"pivot": [5.05, 22.22, 0],
					"cubes": [
						{
							"origin": [4.04, 12.12, -2.02],
							"size": [4.04, 12.12, 4.04],
							"inflate": 0.09,
							"uv": {
								"north": {"uv": [412.39583, 291.63542], "uv_size": [-114.28125, 347.54167]},
								"east": {"uv": [528.125, 291.125], "uv_size": [-113.625, 347.875]},
								"south": {"uv": [179.75, 291.125], "uv_size": [-113.625, 347.875]},
								"west": {"uv": [296.4375, 291.09375], "uv_size": [-113.6875, 347.59375]},
								"up": {"uv": [182.5, 274.5], "uv_size": [-124.625, -124.375]},
								"down": {"uv": [203.125, 78.125], "uv_size": [-15.625, -15.625]}
							}
						}
					]
				},
				{
					"name": "RightLeg",
					"pivot": [-1.919, 12.14, 0],
					"cubes": [
						{
							"origin": [-4.04, 0, -2.02],
							"size": [4.04, 12.12, 4.04],
							"inflate": 0.09,
							"uv": {
								"north": {"uv": [646.625, 641.125], "uv_size": [113.625, 347.875]},
								"east": {"uv": [646.375, 641.125], "uv_size": [113.625, 347.875]},
								"south": {"uv": [646.875, 641.125], "uv_size": [113.625, 347.875]},
								"west": {"uv": [646.25, 641.125], "uv_size": [114.625, 346.875]},
								"up": {"uv": [851.625, 325.5], "uv_size": [12.625, 20.625]},
								"down": {"uv": [488.25, 202.125], "uv_size": [-51.375, -35.625]}
							}
						}
					]
				},
				{
					"name": "Bolsinha",
					"parent": "RightLeg",
					"pivot": [0, 2.02, 0],
					"cubes": [
						{
							"origin": [-4.545, 7.07, -1.515],
							"size": [0.505, 4.04, 3.03],
							"uv": {
								"north": {"uv": [365, 53], "uv_size": [32.5, 190]},
								"east": {"uv": [253, 53], "uv_size": [110, 190]},
								"south": {"uv": [365, 53], "uv_size": [32.5, 190]},
								"west": {"uv": [253, 53], "uv_size": [110, 190]},
								"up": {"uv": [474.5, 149], "uv_size": [-27.5, 51]},
								"down": {"uv": [494.5, 186], "uv_size": [-69.5, -11]}
							}
						},
						{
							"origin": [-4.6317, 10.1075, -1.515],
							"size": [0, 1.01, 3.03],
							"pivot": [-4.6317, 10.6125, 0],
							"rotation": [0, 0, 10],
							"uv": {
								"north": {"uv": [0, 0], "uv_size": [0, 1]},
								"east": {"uv": [408, 53], "uv_size": [115, 50]},
								"south": {"uv": [0, 0], "uv_size": [0, 1]},
								"west": {"uv": [0, 0], "uv_size": [21, 17]},
								"up": {"uv": [0, 3], "uv_size": [0, -3]},
								"down": {"uv": [0, 3], "uv_size": [0, -3]}
							}
						},
						{
							"origin": [-4.06525, 9.09, -2.0705],
							"size": [4.0905, 1.01, 4.141],
							"inflate": 0.09,
							"uv": {
								"north": {"uv": [297.5, 145.71875], "uv_size": [26.05, 36]},
								"east": {"uv": [306.40625, 219.34375], "uv_size": [44.1625, -36.8125]},
								"south": {"uv": [310.59375, 99.28125], "uv_size": [-28.95, 31]},
								"west": {"uv": [355.5, 143.71875], "uv_size": [-34.9, 30]},
								"up": {"uv": [4.05, 4.1], "uv_size": [-4.05, -4.1]},
								"down": {"uv": [4.05, 4.1], "uv_size": [-4.05, -4.1]}
							}
						}
					]
				},
				{
					"name": "LeftLeg",
					"pivot": [1.919, 12.12, 0],
					"cubes": [
						{
							"origin": [0, 0, -2.02],
							"size": [4.04, 12.12, 4.04],
							"inflate": 0.09,
							"uv": {
								"north": {"uv": [760.25, 641.125], "uv_size": [-113.625, 347.875]},
								"east": {"uv": [760.875, 641.125], "uv_size": [-114.625, 346.875]},
								"south": {"uv": [760.5, 641.125], "uv_size": [-113.625, 347.875]},
								"west": {"uv": [760, 641.125], "uv_size": [-113.625, 347.875]},
								"up": {"uv": [864.25, 325.5], "uv_size": [-12.625, 20.625]},
								"down": {"uv": [436.875, 202.125], "uv_size": [51.375, -35.625]}
							}
						}
					]
				}
			]
		}
	]
}